,영화제목,관람등급,네티즌평점,참여인원수,현 예매율,장르,시간,개봉일,감독,출연,소개
1,,,,,,,,,,,
2,베놈 2: 렛 데어 비 카니지,15세 관람가,6.28,"2,052",53.51,"액션, SF, 스릴러",97분,2021.10.13,앤디 서키스,"톰 하디, 미셸 윌리엄스","‘베놈’과 완벽한 파트너가 된 ‘에디 브록’(톰 하디) 앞에 ‘클리터스 캐서디’(우디 해럴슨)가 ‘카니지’로 등장,  앞으로 닥칠 대혼돈의 세상을 예고한다.  대혼돈의 시대가 시작되고,  악을 악으로 처단할 것인가?"
3,노회찬6411,12세 관람가,7.17,415,12.25,다큐멘터리,127분,2021.10.14,민환기,노회찬,시커메진 한국 정치의 판을 바꾸고자 했던 사람 서민의 언어로 그들의 속을 시원하게 대변했던 사람 함께 비를 맞으며 약자와 공감하고자 했던 사람 법 앞에 만인이 평등하길 희망했던 사람 누구나 악기 하나 정도는 다룰 수 있는 사회를 꿈꿨던 사람 지금 더욱 그리운 이름 노회찬의 진짜 이야기가 시작된다!
4,007 노 타임 투 다이,12세 관람가,6.79,"3,303",10.54,액션,163분,2021.09.29,캐리 후쿠나가,"다니엘 크레이그, 라미 말렉, 라샤나 린치, 레아 세이두",가장 강력한 운명의 적과 마주하게된 제임스 본드의 마지막 미션이 시작된다
5,고양이를 부탁해,12세 관람가,8.76,687,3.65,"드라마, 코미디",110분,2021.10.13,정재은,"배두나, 이요원, 옥지영",자유롭게 세상을 날고 싶은 엉뚱한 몽상가 태희 사회로 첫 발을 먼저 내딛은 현실주의자 혜주 생계를 위해 꿈은 잠시 뒤로 미뤄둔 꿈많은 모험가 지영 친구들의 든든한 버팀목 쌍둥이 비류와 온조  십대에 만나 모든 게 행복했고 즐거웠던 우리 각자 다른 네 갈래 길의 스무살을 만났다. 그렇게 서로의 길로 향하던 우리에게 갑자기 나타난 고양이 한 마리 우리를 하나의 길로 이어줄 수 있을까?  잘 있었니? 나도 네가 너무 보고 싶었어
6,보이스,15세 관람가,8.58,"2,282",3.28,"범죄, 액션",109분,2021.09.15,김선,"변요한, 김무열, 김희원, 박명훈","부산 건설현장 직원들을 상대로 걸려온 전화 한 통. 보이스피싱 전화로 인해 딸의 병원비부터 아파트 중도금까지, 당일 현장에서는 수많은 사람들이 목숨 같은 돈을 잃게 된다.  현장작업반장인 전직형사 서준(변요한)은 가족과 동료들의 돈 30억을 되찾기 위해 보이스피싱 조직을 추적하기 시작한다.  마침내 중국에 위치한 본거지 콜센터 잠입에 성공한 서준, 개인정보확보, 기획실 대본입고, 인출책 섭외, 환전소 작업, 대규모 콜센터까지! 체계적으로 조직화된 보이스피싱의 스케일에 놀라고, 그곳에서 피해자들의 희망과 공포를 파고드는 목소리의 주인공이자 기획실 총책 곽프로(김무열)를 드디어 마주한다.  그리고 그가 300억 규모의 새로운 총력전을 기획하는 것을 알게 되는데..  상상이상으로 치밀하게 조직화된 보이스피싱의 실체! 끝까지 쫓아 반드시 되찾는다!"
7,십개월의 미래,12세 관람가,9.07,44,2.46,드라마,96분,2021.10.14,남궁선,최성은,"만성 숙취를 의심하던 미래는 자신이 임신 10주라는 사실을 알고 당황한다. 아무 예고 없이 찾아온 변수 앞에서 갈팡질팡하는 사이, 가족과 연인, 국가는 각기 다른 방향을 제시하고 미래의 십개월은 빠른 속도로 흘러간다."
8,기적,12세 관람가,9.28,"3,404",1.24,드라마,117분,2021.09.15,이장훈,"박정민, 이성민, 윤아, 이수경","오갈 수 있는 길은 기찻길밖에 없지만 정작 기차역은 없는 마을. 오늘부로 청와대에 딱 54번째 편지를 보낸 ‘준경’(박정민)의 목표는 단 하나! 바로 마을에 기차역이 생기는 것이다.  기차역은 어림없다는 원칙주의 기관사 아버지 ‘태윤’(이성민)의 반대에도 누나 ‘보경’(이수경)과 마을에 남는 걸 고집하며 왕복 5시간 통학길을 오가는 ‘준경’. 그의 엉뚱함 속 비범함을 단번에 알아본 자칭 뮤즈 ‘라희’(임윤아)와 함께 설득력 있는 편지쓰기를 위한 맞춤법 수업, 유명세를 얻기 위한 장학퀴즈 테스트, 대통령배 수학경시대회 응시까지! 오로지 기차역을 짓기 위한 ‘준경’만의 노력은 계속되는데...!  포기란 없다 기차가 서는 그날까지!"
9,코다,12세 관람가,9.35,524,1.17,드라마,111분,2021.08.31,션 헤이더,"에밀리아 존스, 퍼디아 월시-필로, 트로이 코처, 다니엘 듀런트, 말리 매트린, 에우헤니오 데르베스, 에이미 포사이스",24/7 함께 시간을 보내며 소리를 들을 수 없는 가족을 세상과 연결하는 코다 '루비'는  짝사랑하는 '마일스'를 따라간 합창단에서 노래하는 기쁨과 숨겨진 재능을 알게 된다.  합창단 선생님의 도움으로 마일스와의 듀엣 콘서트와 버클리 음대 오디션의 기회까지 얻지만 자신 없이는 어려움을 겪게 될 가족과 노래를 향한 꿈 사이에서 루비는 망설이는데…
10,쁘띠 마망,전체 관람가,8.79,63,1.15,"드라마, 판타지",72분,2021.10.07,셀린 시아마,"조세핀 산스, 가브리엘 산스","외할머니의 유품을 정리하기 위해, 엄마 ‘마리옹’과 함께 시골집으로 내려온 ‘넬리’.  어린시절 엄마의 추억이 깃든 그곳에서 ‘넬리’는 엄마와 이름이 같은 동갑내기 ‘마리옹’을 만나게 된다.  단숨에 서로에게 친밀함을 느끼는 ‘넬리’와 ‘마리옹’! 하지만 ‘넬리’는 이 우연한 만남 속에서 반짝이는 비밀을 알게 되는데…  “나 비밀이 있어. 내 비밀이면서, 네 비밀이기도 해”"
11,그래비티,12세 관람가,8.29,"13,420",1.01,"SF, 드라마, 미스터리, 스릴러",90분,2021.10.06,알폰소 쿠아론,"산드라 블록, 조지 클루니",허블 우주망원경을 수리하기 위해 우주를 탐사하던 라이언 스톤 박사는 폭파된 인공위성의 잔해와 부딪히면서 소리도 산소도 없는 우주 한 가운데에 홀로 남겨지는데…
12,다함께 여름!,12세 관람가,8.00,10,0.73,"코미디, 드라마",100분,2021.10.07,기욤 브락,,"파리의 어느 뜨거운 여름밤, 펠릭스는 알마를 만나 사랑에 빠진다. 다음날 아침 알마는 가족이 있는 남프랑스의 휴양지로 떠나고 아쉬운 마음에 펠릭스는 절친 셰리프와 함께 그녀를 깜짝 방문하기로 한다. 카풀로 만난 에두아르의 차에 동승한 이들은 가는 내내 티격태격하며 목적지로 향한다. 도착과 동시에 차는 고장나고, 펠릭스의 깜짝 방문에 알마는 혼란스럽다."
13,극장판 짱구는 못말려: 격돌! 낙서왕국과 얼추 네 명의 용사들,전체 관람가,9.25,399,0.47,애니메이션,103분,2021.09.15,쿄고쿠 타카히코,"박영남, 김환진, 강희선, 여민정, 정유미, 정혜옥, 강새봄, 시영준","아이들의 낙서가 사라져 붕괴 위기에 처한 낙서왕국은 낙서 에너지를 모으기 위해 지구 침공을 시작한다.  낙서왕국의 위험한 작전을 막기 위해 지상의 용사로 선택 받은 짱구는 그림에 생명을 불어넣는 ‘미라클 크레용’을 얻게 된다.  쓰윽 쓰윽~ 그려 그려~! 짱구가 미라클 크레용으로 그림을 그리자 브리프, 가짜 이슬이 누나, 부리부리 용사가 스케치북 밖으로 튀어나오는데..!  과연, 크레용 용사 짱구는 낙서 용사들과 함께 위험에 빠진 떡잎마을과 세계를 구할 수 있을까?!"
14,푸른 호수,12세 관람가,9.29,38,0.4,드라마,117분,2021.10.13,저스틴 전,"저스틴 전, 알리시아 비칸데르, 시드니 코왈스키, 마크 오브라이언","“내 이름은 안토니오 르블랑입니다.” 한국에서 태어나 미국으로 입양돼 ‘안토니오 르블랑'이라는 이름을 얻은 한 남자. 그에게는 누구보다 자신을 믿어주는 아내 ‘캐시'와 사랑스런 딸 ‘제시’, 그리고 곧 태어날 아기가 전부다.  “나는 미국인도, 한국인도 아닙니다.” 어느 날, 억울한 상황에 휘말려 경찰에 붙잡힌 그는 영문도 모른 채 이민단속국으로 넘겨지고, 시민권이 없다는 사실을 난생처음 알게된 그는 강제추방 위기에 처하는데…  가족을 지키고 싶은 그의 뜨거운 이야기가 펼쳐집니다."
15,"극장판 포켓몬스터: 정글의 아이, 코코",전체 관람가,8.88,169,0.4,"애니메이션, 모험",99분,2021.09.15,야지마 테츠오,"마츠모토 리카, 오오타니 이쿠에, 하야시바라 메구미, 미키 신이치로","인간들의 마을에서 멀리 떨어진 포켓몬들의 낙원 자부숲에서 엄격한 법도를 지키며 무리들과 함께 살아가던 ‘자루도’는 우연히 강가에서 인간의 아이를 발견하게 된다.  차마 아이를 외면할 수 없었던 ‘자루도’는 숲의 법도를 깨고 아이에게 ‘코코’라는 이름을 붙여주며 무리에서 떨어져 둘이서만 살기로 결심한다.  그로부터 10년 뒤, 자신을 포켓몬이라고 믿는 소년 ‘코코’는 자부숲을 찾아온 ‘지우’와 ‘피카츄’를 만나 새로운 세계를 알게 되는데…  한편, 자부숲을 지켜주는 치유의 샘을 노리는 위험한 인간들의 발소리가 들려오기 시작한다! 정글의 아이 ‘코코’는 친구들과 힘을 모아 숲을 지킬 수 있을까?"
16,실: 인연의 시작,12세 관람가,7.45,33,0.37,"드라마, 멜로/로맨스",130분,2021.10.14,제제 타카히사,"스다 마사키, 고마츠 나나",열두 살에 만난 첫사랑 ‘렌’과 ‘아오이’. 한눈에 서로의 상처를 알아보고 보듬어주며 두 사람의 인연이 시작된다. 함께 있어 즐거웠던 시간도 잠시 ‘아오이’ 가족이 쫓기듯 떠나면서 헤어지고 만다.  “운명의 실’이 있다고 생각해” ‘아오이’가 준 소원팔찌를 8년 동안 간직한 ‘렌’. 어느 날 소원팔찌가 끊어지고 두 사람은 운명처럼 재회한다. 그 후 우연한 만남과 헤어짐이 반복되지만 그때마다 서로의 곁에 이미 다른 사람이 있어 엇갈리는데…
17,용과 주근깨 공주,전체 관람가,6.62,747,0.37,"애니메이션, 모험, 드라마",121분,2021.09.29,호소다 마모루,"사토 타케루, 나리타 료, 소메타니 쇼타, 타마시로 티나","아름다운 목소리를 지닌 '스즈'는 사고로 엄마를 잃은 후 더이상 노래할 수 없게 된다. 평범한 나날이 계속되던 중, 우연히 가상세계 U에 접속하게 된 '스즈'. 그는 그곳에서 신비로운 가수 '벨'로 다시 태어나 순식간에 세계적인 스타가 된다. 그런데 '벨'의 대규모 콘서트가 열리는 어느 날, '용'이라 불리는 의문의 존재가 나타난다. 큰 상처를 안고 있는 듯한 '용'에게 마음이 쓰이는 '벨', 그리고 현실의 '스즈'. 과연 '스즈'의 목소리는 그에게까지 닿을 수 있을까? 두 세계가 하나로 이어질 때, 기적이 일어난다!"
18,매직 스쿨: 초보마법사 아우라의 대모험,전체 관람가,5.95,42,0.35,애니메이션,90분,2021.10.07,저겐 클루비엔,"벤 디스킨, 마이클 존스턴","비가 내리던 어느 날 밤,  요상하게 생긴 로봇과 같이 어느 집 앞에 버려진 소녀 아우라. 한 아주머니의 사랑으로 열 여섯 살 소녀가 된 아우라는 자신이 마법의 능력을 갖고 있다는 걸 알게 된다.  그리고 꿈에 그리던 몬트로즈 마법학교에 입학하게 된 아우라. 학교에서 만난 친구들과 마법사가 되기 위해 기상천외한 수업을 듣게 되는데 어쩐지 이 학교에 비밀이 숨겨져 있는 것 같다.  과연 초보마법사 아우라는 마법학교의 비밀을 밝혀 낼 수 있을까?"
19,스페이스 독 3: 트로피컬 어드벤처,전체 관람가,7.75,8,0.33,"애니메이션, 모험",70분,2021.10.14,이나 예블라니코바,,"카리브해에 발생한 정체불명의 바다 소용돌이 조사를 위해 지구로 출동한 세계 최초 우주 탐사견 ‘머피’와 ‘마크’. 그러나 바다 해파리 해적단의 음모로 꼼짝없이 붙잡히고, 그들의 오랜 친구 ‘레니’가 친구들을 구하기 위해 바다로 떠난다.  마침내 아름다운 카리브 해안에서 모두 만나게 된 친구들! 하지만 위험한 바다 소용돌이에 휩쓸려 도착한 낯선 그 곳에서 외계인들을 만나며 지구에 숨겨진 놀라운 비밀을 알게 되는데…  위험에 처한 바다를 구하고 무사히 우주로 돌아갈 수 있을까?"
20,최선의 삶,15세 관람가,8.54,138,0.33,드라마,109분,2021.09.01,이우정,"방민아, 심달기, 한성민","열여덟 ‘강이’, ‘아람’, ‘소영’. 더 나아지기 위해서 기꺼이 더 나빠졌던 우리의 이상했고 무서웠고 좋아했던 그 시절의 드라마 최선의 삶"
21,그린 나이트,15세 관람가,7.46,426,0.28,"모험, 드라마, 판타지",130분,2021.08.05,데이빗 로워리,"데브 파텔, 알리시아 비칸데르, 조엘 에저튼, 사리타 초우드리, 랄프 이네슨, 케이트 딕키, 배리 케오간, 숀 해리스","크리스마스 이브, 아서왕과 원탁의 기사들 앞에 나타난 녹색 기사, “가장 용맹한 자, 나의 목을 내리치면 명예와 재물을 주겠다”고 제안한다.  단, 1년 후 녹색 예배당에 찾아와 똑같이 자신의 도끼날을 받는다는 조건으로.  아서왕의 조카 가웨인이 도전에 응하고 마침내 1년 후, 5가지 고난의 관문을 거치는 여정을 시작하는데…  전설이 될 새로운 모험, 너의 목에 명예를 걸어라!"
22,타다: 대한민국 스타트업의 초상,전체 관람가,8.90,63,0.28,다큐멘터리,91분,2021.10.14,권명국,박재욱,"한국의 우버로 불리며 폭발적으로 성장하던 모빌리티 플랫폼 타다(TADA). 출시한 지 9개월 만에 100만 유저를 확보하며 승승장구하던 중 택시업계의 반발로 법적 공방에 휘말린다. 뜨거운 논란 속 치러진 1심에서 무죄 판결을 받은 날, 모든 팀원들은 함께 모여 ‘종이컵 와인 파티’로 자축한다. 하지만 그로부터 단 14일 뒤, ‘타다금지법’이 통과됐다는 청천벽력의 소식이 들려오는데... 그들은 이 최악의 위기를 뚫고 타다를 새롭게 부활시킬 수 있을까?  모빌리티 플랫폼 타다의 이야기로 세상에 공개되는 ‘스타트업’에 대한 국내 최초의 다큐멘터리 필름"
23,그의 진실이 전진한다,,7.67,6,0.26,,,,신재인,"홍승환, 정인기, 권택기, 조시내","한 남자가 진실 운운하며 병원, 법정, 교회에서 물의를 일으킨다. 그에 따르면 그의 입에선 진실만이 콸콸 쏟아져 나오고 급기야 모두들 그의 진실에 빠져 죽으리라고 하는데... 병원에서의 의료사고와 법정소란 끝에 교회는 이제 그의 진실에 잠기어 간다. 그러나.. (A man makes a troublesome incidence in the hospital, court and church on behalf of truth. He aserts that his month will pour out only the truth, nothing but the truth and everyone shall be drowned to death by his truth. There's medicl accident, a court fuss, and at last the church is submerging in his truth. However...)  제1회 MBC 영화상 단편상 수상(2002), 제2회 광주국제영화제 상영(2002), 제3회 대구단편영화제 경쟁부문(2002), 서울독립영화제 2002 경쟁부문(2002), 한국영화아카데미 졸업 작품."
24,아임 유어 맨,15세 관람가,8.88,48,0.26,"코미디, 멜로/로맨스, SF",108분,2021.09.16,마리아 슈라더,"마렌 에거트, 댄 스티븐스, 산드라 휠러, 한스 뢰브, 볼프강 휩쉬",페르가몬 박물관의 고고학자 ‘알마’는 연구비 마련을 위해  완벽한 배우자를 대체할 휴머노이드 로봇을 테스트하는 실험에 참여하게 된다.  그렇게 오직 ‘알마’만을 위해 뛰어난 알고리즘으로 프로그래밍된   맞춤형 로맨스 파트너 ‘톰’과  3주간의 특별한 동거를 시작하게 되는데…
25,샹치와 텐 링즈의 전설,12세 관람가,6.58,"7,540",0.26,"액션, 모험, 판타지",132분,2021.09.01,데스틴 크리튼,"시무 리우, 양조위, 아콰피나","초인적인 능력을 가진 ‘텐 링즈’의 힘으로 수세기 동안 어둠의 세상을 지배해 온 ‘웬우’ '샹치’는 아버지 ‘웬우’ 밑에서 암살자로 훈련을 받았지만 이를 거부하고 평범함 삶을 선택한다. 그러나 ‘샹치’는 목숨을 노리는 자들의 습격으로 더 이상 운명을 피할 수 없다는 것을 직감하고, 어머니가 남긴 가족의 비밀과 내면의 신비한 힘을 일깨우게 된다 벗어나고 싶은 과거이자, 그 누구보다 두려운 아버지 ‘웬우’를 마주해야 하는 ‘샹치’ 악이 될 것인가? 구원이 될 것인가?  마블의 새로운 시대, 세상에 없던 힘이 탄생한다!"
26,캔디맨,15세 관람가,5.55,283,0.26,"미스터리, 공포",91분,2021.09.22,니아 다코스타,"야히아 압둘 마틴 2세, 테요나 패리스","들어봤니? 미지의 존재 캔디맨 비주얼 아티스트 ‘안소니’는 새 작품 구상을 위해 어릴 적 살던 도시로 돌아가고, 그곳에서 오래 전부터 떠돈 괴담을 듣고 매혹되면서 ‘캔디맨’에 대한 충격적인 비밀을 알게 되는데...  불러봤니? 죽음을 부르는 남자 캔디맨 세상을 뒤흔든 미지의 존재 캔디맨, 캔디맨, 캔디맨, 캔디맨... 한 번만 더 부르면 그가 나타나게 되는데… 용기가 있다면 그의 이름을 불러봐"
27,도망친 여자,청소년 관람불가,6.78,293,0.21,드라마,77분,2020.09.17,홍상수,"김민희, 서영화, 송선미, 김새벽, 권해효","남편이 출장을 간 사이 ‘감희’는 세 명의 친구를 만난다. 두 명은 그녀가 그들의 집들을 방문한 것이고, 세 번째 친구는 극장에서 우연히 만났다. 우정의 대화가 이어지는 동안, 언제나처럼, 바다 수면 위와 아래로 여러 물결들이 독립적으로 진행되고 있다."
28,노매드랜드,12세 관람가,8.46,643,0.21,드라마,108분,2021.04.15,클로이 자오,프란시스 맥도맨드,"경제적 붕괴로 도시 전체가 무너진 후 홀로 남겨진 ‘펀’.(프란시스 맥도맨드) 추억이 깃든 도시를 떠나 작은 밴과 함께 한 번도 가보지 않은 낯선 길 위의 세상으로 떠난다. 그 곳에서 ‘펀’은 각자의 사연을 가진 노매드들을 만나게 되고, 광활한 자연과 길 위에서의 삶을 스스로 선택한 그들과 만나고 헤어지며 다시 살아가기 위한 여정을 시작하는데…"
29,스틸워터,15세 관람가,7.64,89,0.19,"드라마, 범죄, 스릴러",138분,2021.10.06,토마스 맥카시,"맷 데이먼, 아비게일 브레스린",친구를 살해한 혐의로 감옥에 갇힌 딸의 무죄를 입증할 마지막 기회를 위해 나서는 아빠 '빌' 사건의 실체에 가까워질수록 예기치 못한 사실을 알게 되는데…
30,날씨의 아이,15세 관람가,7.96,"6,103",0.19,애니메이션,112분,2021.09.09,신카이 마코토,"심규혁, 김유림, 최한, 강은애, 이장원, 손정아, 다이고 코타로, 모리 나나, 오구리 슌, 혼다 츠바사, 히라이즈미 세이","비가 그치지 않던 어느 여름날, 가출 소년 ‘호다카’는 수상한 잡지사에 취직하게 되고 비밀스러운 소녀 ‘히나’를 우연히 만난다.  “지금부터 하늘이 맑아질 거야”  그녀의 기도에 거짓말 같이 빗줄기는 멈추고, 사람들의 얼굴에 환한 빛이 내려온다.  “신기해, 날씨 하나에 사람들의 감정이 이렇게나 움직이다니”  하지만, 맑음 뒤 흐림이 찾아오듯 두 사람은 엄청난 세계의 비밀을 마주하게 되는데…  흐리기만 했던 세상이 빛나기 시작했고, 그 끝에는 네가 있었다."
31,나의 흑역사 로맨티카,12세 관람가,8.17,18,0.19,"멜로/로맨스, 코미디",91분,2021.09.22,알리체 필리피,"루도비카 프란체스코니, 주세페 마조","언제 죽을지 몰라도 뜨거운 사랑은 하고 싶은 마르타. 데이트 앱을 켜 운명의 남자를 찾기 시작하는데 마음에 드는 사람이 어째 단 한 명도 없다!?  하지만 포기 직전의 마르타에게도 기적은 있었으니... 이 시대의 완벽남 아르투로가 눈앞에 나타났다! 첫눈에 사랑에 빠진 마르타는 아찔한 흑역사를 생성하고, 그 대가로 단 한 번의 저녁 식사 기회를 얻게 되는데...!  우리가 사랑에 빠질 확률 9.5% 마르타의 목숨을 건 작전은 성공할 수 있을까?"
32,토베 얀손,15세 관람가,7.94,18,0.19,드라마,102분,2021.09.16,자이다 베르그로트,"알마 포이스티, 크리스타 코소넨, 샨티 로니",자유로운 영혼을 가진 예술가 토베는 삽화 의뢰로 알게 된 연극 연출가 비비카와 강렬한 사랑에 빠진다  자신의 캐릭터 ‘무민’을 연극 무대에 올리고 시청 벽화를 그리며 인정받기 시작한 토베 하지만 비비카는 파리로 떠나는데…  ‘무민’ 작가로만 알고 있었던 그녀의 진짜 이야기를 만난다!
33,종착역,전체 관람가,7.47,38,0.16,드라마,79분,2021.09.23,권민표,"설시연, 배연우, 박소정, 한송희","사진 동아리 '빛나리' 부원인 시연, 연우, 소정, 송희는  '세상의 끝'을 찍어 오라는 방학 숙제를 하기 위해 지하철 1호선 신창역으로 향한다.  웃음이 끊이지 않던 친구들은 계획대로 잘 풀리지 않는 여정에 점점 지쳐가고,  낯선 곳에서 14살 첫 여름방학을 마주하게 된다."
34,모가디슈,15세 관람가,8.33,"14,842",0.16,"액션, 드라마",121분,2021.07.28,류승완,"김윤석, 조인성, 허준호, 구교환, 김소진, 정만식","내전으로 고립된 낯선 도시, 모가디슈 지금부터 우리의 목표는 오로지 생존이다!  대한민국이 UN가입을 위해 동분서주하던 시기  1991년 소말리아의 수도 모가디슈에서는 일촉즉발의 내전이 일어난다. 통신마저 끊긴 그 곳에 고립된 대한민국 대사관의 직원과 가족들은 총알과 포탄이 빗발치는 가운데, 살아남기 위해 하루하루를 버텨낸다. 그러던 어느 날 밤, 북한 대사관의 일행들이 도움을 요청하며 문을 두드리는데…  목표는 하나, 모가디슈에서 탈출해야 한다!"
35,킬링 오브 투 러버스,12세 관람가,9.24,17,0.16,멜로/로맨스,84분,2021.10.14,로버트 맥호이안,"클레인 크로포드, 세피데 모아피, 크리스 코이","‘니키’와 서로 다른 사람을 만나는 것에 동의하고 별거 중인 ‘데이빗’은 우연히 아내의 연인 ‘데릭’의 존재를 알게 된 후 참을 수 없는 분노를 느낀다. 한편, 결혼과 육아로 단절되어버린 꿈을 이루기 위해 로펌에 취직한 ‘니키’는  같은 건물에 근무하는 ‘데릭’에게 점점 호감을 갖게 되고 ‘니키’와의 관계를 보다 발전시키고픈 ‘데릭’은 밤마다 그녀의 집으로 찾아가면서 그녀를 온전히 소유하고픈 욕망을 키워간다.   서로의 곁에 머물고 싶은 세 연인의 욕망은 그들을 위태로운 소용돌이 속으로 몰아넣는데…"
36,뱅드림! 로젤리아 에피소드 Ⅱ : 송 아이 엠,전체 관람가,9.41,29,0.12,애니메이션,71분,2021.09.09,코다이 카키모토,,수많은 시련을 극복하고 퓨처 월드 페스 출전을 맹세한 Roselia의 멤버들. 그리고 계절은 가을을 맞았다. '약속' 작사 이후 성장한 리사. 단풍놀이를 하러 가서 미래의 자신들에게 결의의 그림엽서를 쓰는 유키나와 사요. Roselia를 위해 무언가 하고 싶다는 마음이 들어 신곡을 작곡하려는 린코. '남은 퀘스트는 콘테스트하고 대회하고... 퓨처 월드 페스...' 자신들의 최종 목표를 생각하다가 문득 불안해지는 아코. 퓨처 월드 페스 끝에 다섯 멤버가 본 풍경은...
37,꽃다발 같은 사랑을 했다,12세 관람가,9.14,425,0.12,멜로/로맨스,123분,2021.07.14,도이 노부히로,"아리무라 카스미, 스다 마사키, 키요하라 카야, 호소다 카나타","“시작은 막차였다” 집으로 가는 막차를 놓친 스물한 살 대학생 ’무기’와 ‘키누’는  첫차를 기다리며 함께 시간을 보내게 된다. 좋아하는 책부터 영화, 신고 있는 신발까지 모든 게 꼭 닮은 두 사람은  수줍은 고백과 함께 연애를 시작하고 매일매일 행복한 시간을 쌓아간다.    “내 인생의 목표는 너와의 현상 유지야!” 하지만 대학 졸업과 함께 취업 준비에 나선 두 사람은 점점 서로에게 소원해지고  꿈과 현실 사이의 거리 만큼 마음의 거리도 멀어지기 시작하는데..."
38,캡틴 판타스틱,15세 관람가,8.59,454,0.12,드라마,119분,2020.12.03,맷 로스,"비고 모텐슨, 조지 맥케이, 사만다 이슬러, 애너리즈 바쏘, 니콜라스 해밀턴, 슈리 크룩스, 찰리 쇼트웰","숲속, 그들만의 완벽하고 판타스틱한 파라다이스에서 '자연'스러운 삶을 사는 캡틴 '벤'과 아이들.  엄마가 죽고 난 뒤 엄마와의 약속을 지키기 위해 그들은 낯선 도시로 버라이어티한 여정을 떠난다."
39,화이트데이: 부서진 결계,15세 관람가,5.63,236,0.12,공포,90분,2021.10.06,송운,"찬희, 박유나, 장솜이, 이혜란, 정교림, 장광","어둠이 깃든 땅을 학생들의 맑은 기운으로 봉인한 연두고등학교.  최근의 원인을 알 수 없는 사건이 연속되는 가운데 오늘 희민이라는 아이가 전학 왔다.  본인의 운명이 뒤바뀔 것이라는 사실은 모른 채…  결계가 깨진 그날 밤, 마침내 그가 각성한다!"
40,좋은 사람,12세 관람가,8.19,107,0.09,"서스펜스, 미스터리",101분,2021.09.09,정욱,"김태훈, 이효제, 김현정, 김종구, 박채은","고등학교 교사 ‘경석’(김태훈)의 반에서 지갑 도난 사건이 발생하고, 같은 반 학생이 ‘세익’(이효제)이 범인으로 지목된다. ‘경석’은 ‘세익’을 불러 어떤 말을 해도 믿을 테니 진실을 말하라고 하지만, 세익은 무조건 아니라며 억울함을 호소한다. 그날 밤, 학교에 데려왔던 ‘경석’의 딸 ‘윤희’가 교통사고를 당하게 되고 또 다시 ‘세익’이 범인으로 지목되는데…  의심하는 순간 모든 것이 흔들렸다 의심과 믿음 그 사이에 좋은 사람"
41,쇼미더고스트,12세 관람가,6.58,110,0.07,"코미디, 공포",83분,2021.09.09,김은경,"한승연, 김현목, 홍승범","영혼까지 끌어모아 마련한 돈으로 드림 하우스에 입성한 20년 절친 예지와 호두. 완벽한 줄 알았던 집에 귀신이 들자, 돈도 갈 곳도 없는 둘은 귀신을 내쫓기로 결심한다. 그러나 귀신보다 무서운 서울 물가 때문에 지쳐버린 두 사람은 값비싼 전문 퇴마사 대신 특별할인 이벤트 중인 꽃도령 퇴마사 기두와 셀프 퇴마에 나서는데…  ""귀신님, 아직... 안 나가셨어요?"""
42,언어의 정원,12세 관람가,8.16,"2,490",0.07,애니메이션,46분,2020.04.22,신카이 마코토,"이리노 미유, 하나자와 카나","구두 디자이너를 꿈꾸는 고등학생 ‘다카오’는  비가 오는 날이면 도심의 정원으로 구두를 스케치하러 간다.  어느 날 그는 우연히 ‘유키노’라는 여인과 정원에서 만나게 되고, 예상치 못한 만남은 비가 오는 날이면 계속 이어진다.   그리고 비록 이름조차 모르지만 걷는 법을 잊어버린 그녀를 위해  ‘다카오’는 구두를 만들어 주기로 결심한다.   그러나 장마가 끝나갈 무렵, 그들 사이에는  뭔가 말하지 못한 것들이 남아 있는 듯한데…"
43,로빈의 소원,전체 관람가,8.62,8,0.05,다큐멘터리,76분,2021.09.23,테일러 노우드,"로빈 윌리엄스, 수잔 슈나이더 윌리엄스, 숀 레비",2014년 8월 11일. 할리우드의 명배우이자 코미디언인 로빈 윌리엄스가 갑작스럽게 생을 마감했다.  특유의 익살스러운 연기로 관객을 울고 웃게 하며 꿈과 희망의 아이콘 같았던 배우였기에 전세계 영화 팬들은 충격이 더 컸다.  하지만 언론매체를 통해 알려진 무성한 소문과 다르게 그는 자신과의 싸움(?)을 하고 있었다. 그가 바라던 진짜 소원은 무엇이었는지 이제 그의 죽음에 둘러싸인 소문과 진실에 대한 그의 이야기가 밝혀진다!
44,어시스턴트,12세 관람가,8.63,19,0.05,드라마,87분,2021.09.16,키티 그린,줄리아 가너,"꿈에 그리던 영화사에서 보조 직원으로 일하게 된 ‘제인’  어떤 일도 능숙하게 처리하는 그녀의 일상은 평범해 보이지만,  사소한 사무실 정리부터 상사의 개인적인 스케줄 관리까지 하루 종일 몰아치는 잡다한 업무에 지쳐간다.  그러한 일상이 반복되던 중 어느 날, 신입사원으로 채용된 한 여성이 찾아오면서 회사 내 부조리함을 마주하게 되는데…"
45,메기,15세 관람가,8.31,861,0.02,"드라마, 미스터리, 코미디",89분,2019.09.26,이옥섭,"이주영, 문소리, 구교환, 천우희","이 곳은 마리아 사랑병원. 오늘은 민망한 엑스레이 사진 한 장으로 병원이 발칵 뒤집혔어요! 세상에! 저를 가장 좋아하는 간호사 윤영 씨는 소문의 주인공이 자신과 남자친구일지도 모른다고 의심하고 있어요  과연 윤영 씨는 이 의심의 구덩이에서 빠져나올 수 있을까요?  아, 제 소개가 늦었네요. 저는 메기입니다."
46,영화의 거리,12세 관람가,8.17,65,0.02,"멜로/로맨스, 코미디",77분,2021.09.16,김민근,"한선화, 이완","영화 로케이션 매니저와 감독으로 부산에서 재회한 선화와 도영. 헤어진 연인에서 일로 만난 사이가 된 이들의 끝났는데 끝난 것 같지 않은 쎄한 fall in 럽케이션 밀당 로맨스가 시작된다!  ♥ <영화의 거리> fall in 럽케이션 키워드 가이드 ♥ * 장르/배경: 로맨스, 현대물, 코미디, 전문직 * 관계: 연인>일.만.사, 재회물, 오래된 연인, 엇갈림, 밀당, 첫눈에 반한 * 여자 주인공: 로케이션매니저, 사이다녀, 능력녀, 유쾌녀, 우월녀 * 남자 주인공: 영화감독, 츤데레남, 뇌섹남, 능력남, 계략남, 후회남 * 이럴 때 보자: 헤어진 연인이 일로 만난 사이가 된 리얼 이불킥 로맨스가 보고 싶을 때 * 공감 대사: “니 진짜 사람 속 헤집어놓는데 뭐 있네. 여기 왜 다시 왔는데” “일단 사적인 감정은 배제하고 일한 땐, 일하자”"
47,호우시절,15세 관람가,7.40,"1,916",0.02,멜로/로맨스,100분,2009.10.08,허진호,"정우성, 고원원","건설 중장비회사 팀장 박동하, 중국 출장 첫날, 우연히 관광 가이드를 하고 있는 미국 유학 시절 친구 메이와 기적처럼 재회한다. 낯설음도 잠시, 둘은 금세 그 시절로 돌아간다. 키스도 했었고, 자전거를 가르쳐 주었다는 동하와 키스는커녕, 자전거는 탈 줄도 모른다는 메이. 같은 시간에 대한 다른 기억을 떠 올리는 사이 둘은 점점 가까워 지고 이별 직전, 동하는 귀국을 하루 늦춘다. 너무나 소중한 하루. 첫데이트, 첫 키스, 함께 있는 것 만으로도 너무 좋은, 첫사랑의 느낌. 이 사랑은 때를 알고 내리는 좋은 비처럼 시절을 알고 온 걸까? 이번엔 잡을 수 있을까?"
48,F20,15세 관람가,5.84,138,0.02,스릴러,104분,2021.10.06,홍은미,"장영남, 김정영, 김강민","어디에 내놔도 자랑스러운 아들을 둔 엄마 ‘애란’은 군 생활을 떠났던 아들 ‘도훈’에게 조현병이 발병했다는 충격적인 소식을 듣게 된다.  완벽했던 자신의 일상을 빼앗길까 두려운 ‘애란’은 아들의 병을 숨긴 채 살아가기로 결심하고  그러나, 순조로울 것만 같았던 그녀의 삶에 유일한 비밀을 알고 있는 ‘경화’가 나타나자 ‘애란’의 불안은 점점 광기로 변해가는데…  가장 날카롭고 충격적인 영화가 온다!"
49,색다른 그녀,청소년 관람불가,6.92,12,0.02,"멜로/로맨스, 코미디",108분,2021.10.14,김진영,"혁, 장성윤, 최재환, 찬미, 박경순","여자친구 ‘지연’과 결혼을 앞둔 완벽남 ‘완준’  ‘완준’은 사고뭉치 선배로부터 받은 부탁으로 ‘지연’에게도 말 못 할 은밀한 비밀을 갖게 된다.  어느 날, ‘완준’은  자신을 짝사랑하는 직장동료 ‘예리’에게 이 사실을 들키게 되고, 그녀와 뜻밖의 계약을 맺게 되는데…  갑자기 꼬여버린 인생! 무사히 결혼에 골인할 수 있을까?!"
50,너의 이름은.,12세 관람가,8.80,"32,883",0.02,"애니메이션, 드라마, 멜로/로맨스",106분,2021.09.09,신카이 마코토,"카미키 류노스케, 카미시라이시 모네","아직 만난 적 없는 너를, 찾고 있어  천년 만에 다가오는 혜성 기적이 시작된다  도쿄에 사는 소년 ‘타키’와 시골에 사는 소녀 ‘미츠하’는 서로의 몸이 뒤바뀌는 신기한 꿈을 꾼다 낯선 가족, 낯선 친구들, 낯선 풍경들... 반복되는 꿈과 흘러가는 시간 속, 마침내 깨닫는다 우리, 서로 뒤바뀐 거야?  절대 만날 리 없는 두 사람 반드시 만나야 하는 운명이 되다  서로에게 남긴 메모를 확인하며 점점 친구가 되어가는 ‘타키’와 ‘미츠하’ 언제부턴가 더 이상 몸이 바뀌지 않자 자신들이 특별하게 이어져있었음을 깨달은 ‘타키’는 ‘미츠하’를 만나러 가는데...  잊고 싶지 않은 사람 잊으면 안 되는 사람 너의 이름은?"
51,졸트,15세 관람가,5.83,12,0.02,액션,91분,2021.10.14,타니아 웩슬러,"케이트 베킨세일, 스탠리 투치, 바비 카나베일, 제이 코트니",사랑하는 남친을 잃은 그녀. 더 이상의 통제는 필요 없다. 제대로 돌아버린 자. 그녀의 숨은 능력이 깨어난다!  백만 볼트 짜릿한 액션이 시작된다!
52,리틀 포레스트,전체 관람가,8.83,"11,856",0.01,드라마,103분,2018.02.28,임순례,"김태리, 류준열, 문소리, 진기주","시험, 연애, 취업… 뭐하나 뜻대로 되지 않는 일상을 잠시 멈추고 고향으로 돌아온 혜원은 오랜 친구인 재하와 은숙을 만난다   남들과는 다른, 자신만의 삶을 살기 위해 고향으로 돌아온 ‘재하’,  평범한 일상에서의 일탈을 꿈꾸는 ‘은숙’과 함께 직접 키운 농작물로 한끼 한끼를 만들어 먹으며 겨울에서 봄, 그리고 여름, 가을을 보내고 다시 겨울을 맞이하게 된 혜원.   그렇게 특별한 사계절을 보내며 고향으로 돌아온 진짜 이유를 깨닫게 된 혜원은  새로운 봄을 맞이하기 위한 첫 발을 내딛는데…"
53,자산어보,12세 관람가,9.34,"2,888",0.01,드라마,126분,2021.03.31,이준익,"설경구, 변요한","“이 양반은 대역 죄인이니 너무 잘해줄 생각들 말어” 순조 1년, 신유박해로 세상의 끝 흑산도로 유배된 ‘정약전’. 호기심 많은 '정약전'은 그 곳에서 바다 생물에 매료되어 책을 쓰기로 한다. 이에 바다를 훤히 알고 있는 청년 어부 ‘창대’에게 도움을 구하지만 ‘창대’는 죄인을 도울 수 없다며 단칼에 거절한다.  “내가 아는 지식과 너의 물고기 지식을 바꾸자"" ‘창대’가 혼자 글 공부를 하며 어려움을 겪고 있다는 것을 알게 된 ‘정약전’은  서로의 지식을 거래하자고 제안하고 거래라는 말에 ‘창대’는 못 이기는 척 받아들인다. 둘은 티격태격하면서도 점차 서로의 스승이자 벗이 되어 간다.  ""너 공부해서 출세하고 싶지?"" 그러던 중 '창대'가 출세하기 위해 공부에 매진했다는 사실을 알게 된 '정약전'은 크게 실망한다. ‘창대’ 역시 '정약전'과는 길이 다르다는 것을 깨닫고 '정약전'의 곁을 떠나 세상 밖으로 나가고자 결심하는데..."
54,지푸라기라도 잡고 싶은 짐승들,청소년 관람불가,6.62,"5,666",0.01,"범죄, 스릴러",108분,2020.02.19,김용훈,"전도연, 정우성, 배성우, 윤여정, 정만식, 진경, 신현빈, 정가람","[모든 것은 돈 가방과 함께 시작되었다.]  사라진 애인 때문에 사채 빚에 시달리며 한 탕을 꿈꾸는 태영. 아르바이트로 가족의 생계를 이어가는 가장 중만. 과거를 지우고 새 인생을 살기 위해 남의 것을 탐하는 연희.  벼랑 끝에 몰린 그들 앞에 거액의 돈 가방이 나타나고, 마지막 기회라 믿으며 돈 가방을 쫓는 그들에게 예기치 못한 사건들이 발생한다.  [“큰돈 들어왔을 땐 아무도 믿음 안돼”]  고리대금업자 박사장, 빚 때문에 가정이 무너진 미란, 불법체류자 진태, 가족의 생계가 먼저인 영선, 기억을 잃은 순자까지...  절박한 상황 속 서로 속고 속이며 돈 가방을 쫓는 그들은 인생을 바꿀 수 있는 마지막 한탕을 계획한다."
55,수색자,15세 관람가,7.96,233,0.01,스릴러,110분,2021.09.29,김민섭,"송창의, 송영규, 이현균, 장해송, 도은비, 김철윤, 김지웅, 김영재","어두운 밤 총성이 울린 후 파견 나온 교육장교가 사망하는 사건이 일어난다. 같은 시각 출입통제구역 DMZ로 탈영병이 도주하는 일이 발생하고 3소대는 DMZ 수색 작전에 긴급 투입된다.  그곳에서 대원들은 탈영병도, 수색 대원도 아닌 정체불명의 병사를 목격한다. 그리고 알 수 없는 죽음의 릴레이가 시작되는데... 모든 건 바로 그날 시작되었다!"
56,아버지의 길,12세 관람가,9.00,19,0.01,드라마,120분,2021.09.30,슬로단 고르보비치,고란 보그단,"세르비아의 작은 시골마을. 부당해고를 당해 일용직으로 근근이 하루를 살아가고 있는 두 아이의 아버지 니콜라. 가난과 배고픔을 견디다 못한 아내는 회사에 대한 분노로 극단적인 행동을 하게 되고, 부패한 사회 복지과는 자신들의 이득만을 위해 두 아이들의 양육권을 부모에게서 빼앗아 버린다. 가족을 지키기 위한 힘든 노력에도 불구하고 결국 아이들을 빼앗겨 버린 니콜라는  그 누구도 믿을 수 없는 상황에서 가족을 지키기 위한 단 하나의 일념으로  300km가 넘는 거리인 수도 베오그라드까지의 긴 여정을 결심한다.  모든 불가능함에도 불구하고,  자신의 아이들을 되찾을 권리와 정의를 위해 아버지 니콜라는 걸음을 멈추지 않는다."
57,인질,15세 관람가,6.88,"4,685",0.01,"액션, 스릴러",94분,2021.08.18,필감성,"황정민, 김재범, 이유미, 류경수, 정재원, 이규원, 이호정","평소와 똑같던 어느 새벽, 서울 한복판에서 증거도, 목격자도 없이 대한민국 톱배우 '황정민'이 납치된다.  한 치 앞을 알 수 없는 상황 속 살기 위한 극한의 탈주가 시작되는데…  관객들을 사로잡을 리얼리티 액션스릴러가 온다!"
58,싱크홀,12세 관람가,6.51,"7,418",0.01,드라마,113분,2021.08.11,김지훈,"차승원, 김성균, 이광수, 김혜준","서울 입성과 함께 내 집 마련의 꿈을 이룬 가장 ‘동원(김성균)’  이사 첫날부터 프로 참견러 ‘만수’(차승원)와 사사건건 부딪힌다.   ‘동원’은 자가취득을 기념하며 직장 동료들을 집들이에 초대하지만 행복한 단꿈도 잠시, 순식간에 빌라 전체가 땅 속으로 떨어지고 만다.   마주치기만 하면 투닥거리는 빌라 주민 ‘만수’와 ‘동원’ ‘동원’의 집들이에 왔던 ‘김대리’(이광수)와 인턴사원 ‘은주’(김혜준)까지! 지하 500m 싱크홀 속으로 떨어진 이들은 과연 무사히 빠져나갈 수 있을까?  “한 500m 정도는 떨어진 것 같아” “우리… 나갈 수 있을까요?”"
59,숏버스 기묘행,15세 관람가,8.80,5,0.01,"미스터리, 드라마",66분,2021.09.30,현명우,,"곱씹을수록 맛나는 세상의 아이러니.  자꾸만 쫓아오는 누군가의 시선 [에케호모, 이 사람을 보라], 나의 모든 것을 알고 있는 존재 [조안], 하나를 넣으면 둘이 되는 자판기 [포 세일], 알 수 없는 존재들의 외침 [세이브 미], 사라진 딸을 찾기 위한 사투 [분실물]  신비롭고도 기묘한 다섯 가지의 이야기, 지금 출발합니다."
60,코끼리와 나비,전체 관람가,8.89,9,0.01,"드라마, 가족",86분,2021.09.30,아멜리 반 엠브트,"토머스 브랜차드, 주디스 쳄라, 앨리스 드 랭커생","5년 만에 고향에 돌아온 앙투안은 얼떨결에 옛 애인의 딸 엘사를 보호하게 된다.  천사 같은 미소, 심장을 녹이는 애교, 저절로 미소가 지어지는 5살 소녀가 낯설지 않다.  엘사도 앙투안에게 고백한다. ""비밀이 있어요, 아저씨가 누군지 알 것 같아요"" 서로를 아주 많이 사랑한다면, 그건 우리가 특별한 사이이기 때문일 거야.  존재조차 몰랐던 우리, 너무 늦은 건 아니겠지?"
61,그대 너머에,전체 관람가,8.00,23,0.01,멜로/로맨스,119분,2021.09.09,박홍민,"김권후, 윤혜리, 오민애","지워져 가는 기억을 붙잡으려는 인숙. 다른 이들의 기억 속을 헤매는 지연. 과거의 기억 속으로 던져진 경호.  서로의 기억 너머, 존재의 의미를 찾는 히치하이커들의 눈물겨운 사투가 시작된다!"
62,부에나 비스타 소셜 클럽,전체 관람가,8.78,629,0.01,다큐멘터리,105분,2015.11.19,빔 벤더스,"꼼빠이 세군도, 이브라힘 페레르, 오마라 포르투온도, 엘리아데스 오초아","혁명 이후, 쿠바 음악이 모두에게 잊혀지고 있을 때 미국의 프로듀서 라이 쿠더는 숨겨져 있던 쿠바의 실력파 뮤지션들을 찾아 나선다. 단 6일간의 녹음으로 완성된 [부에나 비스타 소셜 클럽]의 앨범은 그래미 어워드 수상, 빌보드 차트 1위, 전세계 수백만 장의 음반 판매 등 세계 대중음악사에 유례없는 기적의 스토리를 만들어낸다."
63,브라더,15세 관람가,6.18,76,0.01,액션,97분,2021.10.07,신근호,"조재윤, 정진운","정의감과 패기로 똘똘 뭉친 강력계 형사 ‘강수’. 어느 날 그에게 마약 밀수입 등의 악질 범죄를 일삼는  거대 조직의 정보가 담긴 발신자 불명의 제보가 들어온다.  범죄 소탕을 위해 조직에 위장 잠입한 ‘강수’는 회장의 오른팔 ‘용식’ 밑에서 조직 생활을 시작하고 각자의 목적을 위해 한 팀이 된 두 사람은 묘한 우정을 느낀다.   “이런 일이 안 어울린다고, 강수 너한테는”  한편, ‘강수’는 계속되는 비밀 수사 중 신분 들통 위기에 처하고 사건을 파헤칠수록 조직과 얽힌 충격적인 진실을 마주하는데…  복수와 배신이 교차하는 세계에 뛰어든 두 남자, 누구도 믿지 못할 팀플레이가 시작된다!"
64,서유기: 재세요왕,전체 관람가,5.67,9,0.01,애니메이션,95분,2021.09.30,왕운비,"최승훈, 윤세웅, 서정익, 박주광, 장병관","삼장법사에 의해 오행산 기슭에서 구출된 ‘손오공’은 과오를 뉘우치고 경전을 배우기 위해 서역으로 길을 떠난다.  긴 여정의 길, 배고픔을 주체하지 못한 ‘손오공’과 친구들은 만년의 한번씩 열린다는 인삼과 열매를 몰래 따먹게 되고  설상가상 신선수라 여기는 인삼과 나무를 파괴해 버리자 나무 아래 봉인되어 있던 요괴의 왕 ‘원체’가 깨어나고만다. 세상은 혼란에 휩싸이고, 요괴들은 날뛰기 시작하는데..  ‘손오공’, 전설에 맞서 세상을 구할 수 있을 것인가!"
65,꿈꾸는 고양이,전체 관람가,9.85,40,0.01,다큐멘터리,74분,2021.09.09,지원,남기형,"서울의 달동네, 경기도 성남, 대구, 부산의 재개발 지역. 곧 부서지고 버려질 이 동네엔 단지 살고 싶단 꿈을 꾸는 고양이들이 있다. 그리고 그 곳엔 그 생명들을 지켜내기 위해 위험을 무릅쓰고 뛰어드는 사람들도 있다.  우리는 개발로 인해 유용한 삶을 누리게 되겠지만 그로 인해 삶의 터전을 잃어버리는 존재들이 있다는 건 잘 알지 못한다. 건물과 함께 무너져 내리는 길 위 고양이들의 삶. 우린 어떻게 하면 이 아이들의 생명과 삶의 터전을 지켜줄 수 있을까?  무너지는 그곳에서 만난 아이에게 꿈이란 이름을 붙여주고 아이들을 지켜내기 위해 고군분투하는 사람들의 모습에서 공존하는 삶을 꿈꾸는 여정이 시작된다."
66,미켈란젤로,12세 관람가,8.83,6,0.01,"드라마, 다큐멘터리",97분,2021.09.29,엠마누엘레 임부치,,미켈란젤로의 생애와 작품 세계를 다룬 다큐멘터리
67,아-하: 테이크 온 미,12세 관람가,8.87,39,0.01,"다큐멘터리, 뮤지컬",108분,2021.09.22,아슬레우 홀름,"모튼 하켓, 마그네 푸루홀멘, 폴 왁타","메가 히트송 ‘Take On Me’의 주인공 레전드 밴드 a-ha의 탄생과 성공 그리고 음악으로 연대하는 이들의 무대 위, 무대 밖의 진짜 이야기   전율의 이름 a-ha의 스크린 콘서트가 시작된다!"
68,귀신을 보는 눈: 동안,15세 관람가,4.36,36,0.01,공포,97분,2014.04.24,대니 팽,"양승림, 강약림, 하준위, 임가동, 여문락, 곡조림","태국으로 여행을 온 세 쌍의 남녀는 때마침 벌어진 격렬한 시위 때문에 홍콩으로 돌아가지 못하고 공항 근처의 허름한 호텔에 묵게 된다. 그곳에서 일행은 그들을 볼 때마다 짖어대는 개 한 마리와 묘한 분위기의 아이들을 보게 된다. 어느 날 일행 중 한 명이 호텔에서 귀신을 봤다며 앓아 눕게 되고, 얼마 지나지 않아 또 다른 한 명이 감쪽같이 사라져버린다. 심상치 않은 기운을 느낀 나머지 일행들은 친구들의 행방을 찾던 도중 과거 호텔에서 벌어진 끔찍한 사건에 대해 알게 된다. 이제 이들은 살아남기 위해 엄청난 공포의 실체와 맞닥뜨려야만 하는데…"
69,방콕 킥복서,청소년 관람불가,2.78,9,0.01,"드라마, 미스터리, 스릴러",93분,2014.04.30,토드 벨랜카,"케이시 T. 에반스, 톰 아놀드, 닉 팰타스","승승장구하던 미국의 챔피언 ‘잭’은 세인트 루이스 전에서의 패배를 마지막으로 복싱 인생을 포기한다. 하지만 그의 패배는 조작된 것이었고, 복수심에 휩싸인 ‘잭’은 홧김에 살인을 저지르고 만다. 삼촌의 도움으로 방콕으로 숨어 든 그는 이국적이면서도 위험한 도시의 매력에 푹 빠져든 채 자신의 불행한 과거를 지우려 노력한다. ‘잭 더 리퍼’라는 바를 운영하며 더 이상 내려갈 곳이 없는 망가진 인생을 살고 있던 ‘잭’의 앞에 어느 날 그의 팬이었다는 정체 불명의 노신사가 찾아오는데…"
70,부니베어: 애들이 줄었어요,전체 관람가,6.75,8,0.01,"애니메이션, 모험",90분,2021.10.07,정량,,어느 날 빅은 뭐든지 커지게 만드는 신비로운 기계를 구입한다.  그러나 정반대로 개미만큼 작아진 곰돌이 형제와 빅은 다시 원래의 크기로 돌아가기 위해 모험을 펼치게 되는데…  과연 그들은 무사히 과거로 돌아 갈 수 있을까?
71,숏버스 이별행,15세 관람가,8.63,19,0.01,"코미디, 멜로/로맨스",65분,2021.07.22,유현,"공유림, 유민석, 이솔잎, 윤현경, 김재화, 조민재, 김혜화, 황미영, 박상준",웃음과 눈물이 번진 이별 기억... 위로가 필요한가요?  전남친의 집을 찾아간 ‘진아’ 무대에서 폭발한 밴드 보컬 ‘혜승’ 백수 남친과 아직도 못 끝낸 ‘혜수’ 새로운 시작을 꿈꿨던 ‘미영’  네 편의 단편영화와 함께하는 이별 여행이 시작됩니다.  <뜨거운 안녕.> (12분) 연출 유현 | 주연 공유림 유민석 이솔잎 <언프로페셔널> (11분) 연출 김세희 | 주연 윤현경 <중성화> (17분) 연출 김홍기 | 주연 김재화 조민재 김혜화 <그녀는요> (25분) 연출 원은선 | 주연 황미영
72,슈퍼문,전체 관람가,7.60,30,0.01,"애니메이션, 모험, 코미디",74분,2021.09.09,홍대영,"송유미, 김정훈, 이승준, 정영수",어느 날 갑자기 머리에 뿔이 생긴 10살 소년 건우는 숲의 지킴이가 된다.   그러던 중 동물들을 마구 사냥하는 밀렵꾼과  세상을 지배하려는 좀비 호랑이가 나타나 숲은 위기에 빠진다.  동물 친구들을 구하기 위해  아름다운 한반도의 자연을 지키기 위해  건우와 친구들은 숲을 구할 열쇠가 있는 슈퍼문을 향해 모험을 떠난다!
73,윤희에게,12세 관람가,8.97,"2,592",0.01,멜로/로맨스,105분,2019.11.14,임대형,"김희애, 김소혜, 성유빈, 나카무라 유코, 키노 하나","평범한 일상을 살아가던 '윤희' 앞으로 도착한 한 통의 편지. 편지를 몰래 읽어본 딸 '새봄'은 편지의 내용을 숨긴 채 발신인이 살고 있는 곳으로 여행을 제안하고, '윤희'는 비밀스러웠던 첫사랑의 기억으로 가슴이 뛴다. '새봄'과 함께 여행을 떠난 ‘윤희’는 끝없이 눈이 내리는 그곳에서 첫사랑을 만날지도 모른다는 기대를 품는데…"
74,콜드 워,15세 관람가,6.35,86,0.01,"액션, 범죄, 미스터리",102분,2013.09.05,써니 럭,"곽부성, 양가휘, 유덕화, 펑위옌, 리즈팅, 바이런 만","아시아 최고의 치안도시 홍콩에서 경찰 5명이 납치되는 전무후무한 충격적 사건이 벌어진다. 경무처장이 출장으로 자리를 비운 사이, 차기 처장의 유력한 후보로 지목되는 두 명의 부처장 (곽부성, 양가휘)은 경찰의 명예가 걸린 비공개 테러 진압작전 ‘콜드워’의 주도권을 놓고 첨예한 신경전을 벌인다. 사건의 실마리는커녕 용의자 조차 예측할 수 없는 최악의 상황이 되자 실리주의 야망가인 부처장 이문빈(양가휘)은 강직하고 냉철한 부처장 류걸휘(곽부성)에게 작전을 넘긴다.  작전 진행 중 테러범이 파놓은 함정에 빠져 속수무책으로 당하기만 하는 류걸휘(곽부성)는 내부 소행을 의심하기에 이른다. 실체를 알 수 없는 범인의 두뇌 게임에 경찰들이 희생되어 가는 가운데 부패방지국(ICAC)이 수사에 개입되며 홍콩경찰의 내분은 최고조에 다다르는데!  <무간도> 이후 10년, 홍콩 범죄액션 느와르가 부할한다!"
75,트랜짓,12세 관람가,8.11,63,0.01,"드라마, SF",101분,2020.07.02,크리스티안 펫졸드,"프란츠 로고스키, 폴라 비어","모두가 떠나는 곳에서 그녀를 만났다 독일군이 파리로 진군하자 ‘게오르그’는 마르세유로 탈출한다. 그는 자살한 ‘바이델’ 작가의 가방을 갖고 있는데 가방에는 작가의 원고와 아내에게서 온 편지, 멕시코 대사관에서 온 비자 허가서가 있다. ‘게오르그’는 ‘바이델’ 작가로 신분을 위조해 멕시코로 떠나려 하지만 신비한 여인 ‘마리’를 만나며 모든 것이 변하게 된다."
76,피닉스,12세 관람가,8.48,73,0.01,드라마,98분,2021.07.22,크리스티안 펫졸드,"니나 호스, 로날드 제르필드, 니나 쿤젠도르프",1945년 6월 아우슈비츠 생존자 넬리가 고향으로 돌아온다. 그녀의 얼굴은 심하게 훼손된 상태.  성형 수술을 받고 회복된 넬리는 사랑하는 남편 조니를 찾아 나선다. 마침내 재회하지만 아내가 죽었다고 믿는 조니는 얼굴이 변한 넬리를 알아보지 못한다.
77,학교 가는 길,12세 관람가,9.56,160,0.01,다큐멘터리,99분,2021.05.05,김정인,"이은자, 정난모, 조부용, 장민희, 김남연","전국 특수학교 재학생의 절반은 매일 왕복 1~4시간 거리를 통학하며 전쟁 같은 아침을 맞이한다  장애 학생 수에 비해 턱없이 부족한 특수학교 아이를 위해 거리로 나선 엄마들은 무릎까지 꿇는 강단으로 맞서는데…  세상을 바꾼 사진 한 장, 엄마들의 용기 있는 외침이 시작된다!"
78,나는 나를 해고하지 않는다,12세 관람가,7.99,276,0.01,드라마,111분,2021.01.28,이태겸,"유다인, 오정세","7년간 근무했던 회사에서 하청 업체로 파견 명령을 받은 정은, 자신의 자리를 찾아보려 하지만 사람들은 그녀를 불편해하고, 현장 일은 낯설다. 그러나 반드시 1년을 채워 원청으로 돌아가고 싶은 정은은 ‘막내’의 도움으로 점점 적응해가는데… 1년의 파견, 살아남기 위해 치열하게 도약하다!  제38회 파지르국제영화제 Eastern Vista 여우주연상"
79,남색대문,12세 관람가,8.26,66,0.01,"드라마, 멜로/로맨스",83분,2021.08.18,이치엔,"계륜미, 진백림, 양우림","단짝 친구 ‘위에전’에게 사랑을 느끼는 ‘커로우’ 같은 학교 남학생 ‘시하오’를 짝사랑하는 ‘위에전’ 그리고 ‘커로우’의 비밀을 알지만 사랑을 멈출 수 없는 ‘시하오’  “이 여름이 지나고 나면, 내 마음이 선명해질까?”  누군가를 좋아하는 감정에 어쩔 줄 몰랐던 열일곱  가슴 아린 짝사랑과 설레는 첫사랑 사이에서 한 여름의 성장통을 지나는 세 청춘의 이야기"
80,너의 췌장을 먹고 싶어,12세 관람가,8.10,"4,921",0.01,드라마,115분,2017.10.25,츠키카와 쇼,"하마베 미나미, 키타무라 타쿠미","스스로를 외톨이로 만드는 ‘나’ 학교 최고의 인기인 ‘그녀’  어느 날, 우연히 주운 [공병문고]를 통해 나는 그녀와 비밀을 공유하게 되었다.  “너 말이야, 정말 죽어?” “...응, 죽어”  그날 이후, 너의 무언가가 조금씩 내게로 옮겨오고 있다."
81,담쟁이,15세 관람가,7.88,108,0.01,"가족, 드라마",99분,2020.10.28,한제이,"우미화, 이연, 김보민","누구보다 행복한 은수, 예원 커플은 갑작스러운 은수의 교통사고로 일상이 흔들리게 된다. 오래도록 재활을 해야 하는 은수는 예원에게 짐이 될 수 없어 이별을 말하지만 예원은 사랑하는 은수의 곁을 지킨다. 하지만 은수와 예원은 하나 둘 커져가는 현실의 벽을 마주하게 되는데…  절망적인 현실 앞에 사랑을 떠나보내려는 은수 절망적인 현실 앞에서 사랑을 지키려는 예원  “우리 변하는 거 없지…” 가장 아름다운 형태의 사랑이 찾아옵니다"
82,독일 영년,,9.00,21,0.01,드라마,74분,2004.06.29,로베르토 로셀리니,프랜즈-오토 크루거,제2차 대전 직후 폐허가 된 베를린을 무대로 세상에 내던져진 한 소년의 정신적 방황과 자살을 다룬 작품. 이 영화가 완성되기 전에 어린 나이로 사망한 로셀리니의 아들 로마노에게 헌정되었다. 주인공인 에드문트는 어린 나이에도 불구하고 생계비를 벌기 위해 거리로 나가 일거리를 찾는다. 그는 우연히 자신이 예전에 다니던 학교의 교사를 만나게 되는데 사실 그는 나치 잔당의 일원으로 결국 어린 에드문트의 삶을 치명적인 국면으로 몰고 가게 된다.
83,드롭박스,전체 관람가,9.41,102,0.01,다큐멘터리,79분,2016.05.19,브라이언 아이비,이종락,"작은 상자 안에 담긴 형언할 수 없는 생명의 무게! 가장 절실한 사랑이 있는 곳 <드롭박스>  서울 난곡에 위치한 주사랑공동체교회에는 세상에서 가장 절실한 사랑이 있는 장소가 있다. 2009년 만들어진 이후 약 800여 명의 목숨을 살린 '생명의 상자'  진정한 용기, 존귀한 생명을 향한 소중한 메시지 그리고 세상의 편견과 차별, 오해를 딛고 진정한 가족이 된 사람들… 우리가 알지 못했던 '생명의 상자' 드롭박스에 관한 진짜 이야기가 시작된다!"
84,디스 아메리카노,15세 관람가,8.44,9,0.01,,,,권유주,"변세희, 한재하","영화감독 지망생인 수진은 자신의 첫 장편영화를 성공적으로 완성하기 위해 노력한다. 주변의 도움과 직접 모은 돈으로 제작하는 영화기에 제작비는 터무니없이 적다. 수진은 피우던 담배마저 저렴한 ‘디스 오리지널’로 바꾸고, 배우였던 전 남자친구에게 주연배우를 부탁해가며 열심히 영화를 준비하는데... 수진에게 청천벽력 같은 일이 일어난다! 과연 수진은 성공적으로 영화를 완성시킬 수 있을까?"
85,라스트 레터,전체 관람가,7.87,233,0.01,"멜로/로맨스, 드라마",120분,2021.02.24,이와이 슌지,"마츠 다카코, 히로세 스즈, 안노 히데아키, 카미키 류노스케","닿을 수 없는 편지로 그 시절, 전하지 못한 첫사랑의 기억과 마주한 이들의 결코- 잊지 못할 한 통의 러브레터"
86,레베카,15세 관람가,8.95,101,0.01,"드라마, 멜로/로맨스, 스릴러, 미스터리",130분,1954.03.02,알프레드 히치콕,"로렌스 올리비에, 주디스 앤더슨, 조안 폰테인","평범하고 수줍음 잘 타는 그녀는 몬테 카를로에서 몇년 전 아내 레베카와 사별한 부유한 신사 맥심을 만나 사랑에 빠진다.  그녀는 아직도 전처를 잃은 슬픔에 다소 불안정한 심리 상태의 맥심과 결혼 후 그의 대저택 '맨덜리'에 입성한다.  아름답지만 음산하고 기묘한 분위기를 풍기는 대저택 ‘맨덜리’는 죽은 레베카가 마치 살아 숨쉬고 있는 것처럼 레베카에게 깊게 물들어 있다.  집사 댄버스 부인 마저 시종일관 무표정함을 유지하며 경계심을 드러내 그녀를 노이로제 상태로 몰아간다.  하지만 남편 맥심은 자신의 심적 고통 때문에 미처 그녀에게 신경을 쓰지 못하고  그들 부부의 결혼 생활은 위기를 맞이하게 된다.  어느 비 바람 몰아치던 저녁, ‘맨덜리’ 저택의 비밀이 드러날 사건이 일어나는데…"
87,모로코 가는 길,,0.00,0,0.01,"모험, 가족, 코미디",83분,1948.09.24,데이빗 버틀러,"빙 크로스비, 밥 호프","제프(빙 크로스비 분)와 터키(밥 호프 분)가 밀항을 한 상선이 항해를 하던 중 사고로 침몰하면서 두 사람의 모험이 시작된다. 극적으로 생존한 두 사람은 아프리카 해안에 도착하고, 어렵게 사막을 건너 모로코로 가게 된다. 빈털터리였지만 굶주림에 지친 두 사람은 무작정 식당에 들어가 배불리 음식을 먹는데, 그때 나타난 노예상인이 제프에게 돈을 지불하고 터키를 노예로 산다. 터키가 팔려간 후, 양심의 가책을 받고 괴로워하던 제프는 결국 터키를 찾아 나선다. 그리고 웅장한 궁전에 잠입한 제프는 노예로 팔려간 줄 알았던 터키가 모로코 공주(도로시 라무르 분)와 멋진 시간을 보내고 있는 모습을 보고 깜짝 놀란다.  사실 공주는 세력가인 카심(안소니 퀸 분)과 결혼하기로 되어 있었지만, 첫 남편이 비명횡사하게 된다는 점성술사의 예언을 들은 공주가 터키를 희생양으로 선택한 것이었다. 한편, 공주는 터키를 찾아온 제프에게 반하게 되고, 마침 점성술사로부터 예언이 틀렸다는 말을 전해 듣자마자 제프와 결혼식을 올리게 된다. 하지만 소식을 전해들은 카심이 부하들을 이끌고 쳐들어와 공주와 하녀를 납치해 가고, 제프와 터키는 사막에 버려진다. 하지만 두 사람은 사막을 헤매다 카심의 본거지를 찾아내고, 우여곡절 끝에 공주와 하녀를 구출해낸다. 그리고 두 쌍의 남녀는 함께 미국으로 떠난다."
88,반도,15세 관람가,5.64,"31,327",0.01,"액션, 드라마",116분,2020.07.15,연상호,"강동원, 이정현","[전대미문의 재난 그 후 4년 폐허의 땅으로 다시 들어간다!]  4년 전, 나라 전체를 휩쓸어버린 전대미문의 재난에서 가까스로 탈출했던 ‘정석’(강동원). 바깥세상으로부터 철저히 고립된 반도에 다시 들어가야 하는 피할 수 없는 제안을 받는다.    제한 시간 내에 지정된 트럭을 확보해 반도를 빠져 나와야 하는 미션을 수행하던 중 인간성을 상실한 631부대와 4년 전보다 더욱 거세진 대규모 좀비 무리가 정석 일행을 습격한다.    절체절명의 순간, 폐허가 된 땅에서 살아남은 ‘민정’(이정현) 가족의 도움으로 위기를 가까스로 모면하고 이들과 함께 반도를 탈출할 수 있는 마지막 기회를 잡기로 한다.    되돌아온 자, 살아남은 자 그리고 미쳐버린 자 필사의 사투가 시작된다!"
89,밥정,전체 관람가,9.61,352,0.01,"다큐멘터리, 드라마",82분,2020.10.07,박혜령,임지호,"잔디, 잡초, 이끼, 나뭇가지.. 자연을 재료 삼아 요리를 만드는 방랑식객 임지호 셰프.  친어머니와 양어머니에 대한 아픈 사연을 간직한 그는 길에서 인연을 맺은 사람들에게 기꺼이 음식을 대접한다. 지리산에서 만난 김순규 할머니를 길 위의 어머니로 10년간 모시지만, 끝끝내 찾아온 3번째 이별. 임지호 셰프는 낳아주신, 길러주신, 그리고 마음을 나눠주신 3명의 어머니를 위해 3일 동안 108접시의 음식을 장만한다. ‘밥’으로 ‘정’을 나누는 인생의 참맛, 더 늦기 전에 당신과 나누고 싶습니다…"
90,부러진 창,,7.00,2,0.01,"모험, 서부",96분,1965.03.12,에드워드 드미트릭,"스펜서 트레이시, 로버트 와그너",
91,북간도의 십자가,전체 관람가,7.91,78,0.01,다큐멘터리,84분,2019.10.17,반태경,"문성근, 문동환, 심용환",나라를 잃고 고향을 떠나왔지만 대신 복음을 받아들인 북간도의 기독교인들. 그들이 손에 쥔 십자가는 독립을 향한 담대함의 상징이자 짊어져야할 시대의 소명이었다. 역사학자 심용환이 마지막 북간도 후예 故 문동환 목사의 회고를 따라 북간도 곳곳에 숨겨진 항일 독립 운동의 흔적과 의미를 좇는다.
92,블랙 위도우,12세 관람가,8.46,"7,368",0.01,"액션, 모험, SF",134분,2021.07.07,케이트 쇼트랜드,"스칼릿 조핸슨, 플로렌스 퓨, 레이첼 와이즈, 데이빗 하버","어벤져스의 히어로 블랙 위도우, ‘나타샤 로마노프’ (스칼렛 요한슨)는 자신의 과거와 연결된 레드룸의 거대한 음모와 실체를 깨닫게 된다.  상대의 능력을 복제하는 빌런 ‘태스크마스터’와 새로운 위도우들의 위협에 맞서 목숨을 건 반격을 시작하는 ‘나타샤’는 스파이로 활약했던 자신의 과거 뿐 아니라, 어벤져스가 되기 전 함께했던 동료들을 마주해야만 하는데…  폭발하는 리얼 액션 카타르시스! MCU의 새로운 시대를 시작할 첫 액션 블록버스터를 만끽하라!"
93,생산적 활동,,6.12,24,0.01,,,,오점균,"장경진, 이응재, 박홍순","20대 초반의 창노와 성미가 데이트를 하던 중 섹스가 하고 싶어진다. 하지만 그들은 돈도 없고 시간도 충분치 않다. 할 만한 장소를 찾아 헤매는 가련한 우리의 주인공들. ........... 결국 둘은 하고야 만다. (A 20-something couple is having a date. They want to make love but they don’t have enough money or time. They look for a place where they can have sex.)   제8회 부산국제영화제 와이드앵글 부문 (2003), 제7회 부천국제판타스틱영화제 판타스틱단편걸작선 부문 (2003), 제2회 미장센 단편영화제 ‘장르의 상상력전’ 심사위원 특별상 (2003), 제4회 전주국제영화제 단편영화 비평가주간 (2003), 서울독립영화제 단편경쟁부문 (2003), 한국예술종합학교 영상원 졸업작품(전문사과정)"
94,샤먼 로드,12세 관람가,9.56,18,0.01,다큐멘터리,105분,2021.07.03,최상진,"박성미, 꼴레뜨 그랑종-로조뜨","중세시대였다면 ‘마녀’라고 화형을 당했을 프랑스 여자 샤먼 꼴레뜨와 한국 여자 샤먼 성미의 운명적 만남과 우정. 성미와 꼴레뜨는 어렸을 때부터 들린 신의 음성과 영상들(visions)로 인해 남들과 다른 삶을 살 수밖에 없었고, 이를 천형이라 생각했다. 2014년 프랑스에서 열린 세계샤머니즘축제에서 서로를 만난 뒤에야, 꼴레뜨와 성미는 그들의 특별한 능력이 세상 사람들의 아픈 상처를 어루만져주기 위한 신의 선물이라는 걸 깨닫고 서로를 의지하며 샤먼 로드를 걷는다."
95,숏버스 감성행,12세 관람가,8.30,10,0.01,멜로/로맨스,93분,2021.08.19,강인석,"이문규, 정유민, 박영빈, 한서연, 김진태","[우리 둘만의 음악, 책, 그리고 여행] 새로운 풍경 속에서 익숙한 흔적을 찾고 있는 '소영', 파리의 어느 아름다운 거리를 랜선 산책 중인 '미화', 반짝이는 윤슬을 보며 새로운 시작을 준비하는 '정아'. 바다로, 프랑스로, <숏버스 감성행>의 그녀들과 떠나는 감성 여행. 우리 같이 여행 갈래요?"
96,스피릿,전체 관람가,8.53,19,0.01,"애니메이션, 모험",88분,2021.09.15,일레인 보겐,"이사벨라 머세드, 줄리안 무어, 제이크 질렌할, 마르사이 마틴, 맥케나 그레이스","어릴 적 엄마를 잃고 ‘코라’ 고모와 할아버지 손에 자란 호기심 많은 소녀 ‘럭키’는 방학동안 ‘코라’ 고모와 함께 아빠가 홀로 살고 있는 미라데로에 머물게 된다.  오랜만에 만난 아빠와의 서먹한 관계에서 어려움을 느끼던 ‘럭키’는 우연히 에너지 넘치는 야생마 ‘스피릿’을 만나 특별한 교감을 나누게 되고, 새로 사귄 친구 ‘아비게일’, ‘프루’와 함께하며 두근거림과 자유로움을 경험한다.  어느 날, ‘스피릿’과 그의 야생마 가족이 악당들에 의해 위험에 처하게 되고 ‘럭키’는 이들을 구하기 위해 친구들과 두려움을 무릅쓴 모험에 나서는데…"
97,아담,12세 관람가,7.18,11,0.01,드라마,101분,2021.08.25,마리암 투자니,"루브나 아자발, 니스린 에라디, 두아이 벨카우다, 아지즈 하타브","혼전 임신 사실을 숨겨야만 해서 고향은 떠난 여인 ‘사미아’는 일자리와 숙박시설을 찾아 카사블랑카를 정처 없이 떠돌다가, 남편과 사별 후 홀로 8살 딸 ‘와르다’를 키우며 빵집을 운영하는 무뚝뚝한 여인 ‘아블라’를 만난다.  처음에 ‘아블라’는 ‘사미아’를 냉정히 돌려보내지만, 위험한 길가에서 밤을 지새우는 ‘사미아’가 신경 쓰여 결국 자기 집에 며칠 간 머물며 함께 빵 만들기를 허락한다. 시간이 지나면서 세 사람은 서로에 대한 마음을 점차 열며, 생애 잊지 못할 치유의 경험을 하는데…"
98,올리버 색스: 그의 생애,12세 관람가,7.00,5,0.01,다큐멘터리,114분,2021.08.26,릭 번스,"올리버 색스, 빌 헤이스, 케이트 에드거, 로렌스 웨슐러","2015년 1월, 시한부 판정을 받고 올리버 색스는 “나의 생애”란 에세이를 뉴욕 타임즈에 기고하고, 삶의 마지막 순간을 담은 다큐멘터리를 제작하게 된다. 의학계의 시인, “아내를 모자로 착각한 남자”를 비롯한 베스트셀러 작가, 인간의 뇌라는 경이로운 우주의 탐험가 등 수많은 수식어들 사이에서 ‘이 아름다운 행성에 태어나 지각 있는 존재로 살아간 것에 대한 기쁨과 감사함’으로 삶의 마지막 순간까지도 눈물이 아닌 따스함을 남기는 올리버 색스의 경이로운 삶의 여정이 펼쳐진다."
99,우리의 20세기,15세 관람가,8.25,579,0.01,드라마,119분,2017.09.27,마이크 밀스,"아네트 베닝, 엘르 패닝, 그레타 거윅, 루카스 제이드 주만, 빌리 크루덥",산타바바라에서 쉐어하우스를 운영하는 55살의 싱글맘 도로시아는 하루하루 달라지는 사춘기 아들 제이미가 걱정이다. 그녀는 함께 사는 24살의 포토그래퍼 애비와 17살인 제이미의 친구 줄리에게 고민을 털어놓는다. 그렇게 시작된 그녀들의 인생 교육은 모두에게 새로운 변화를 가져오는데…
100,워터 릴리스,15세 관람가,8.99,161,0.01,"드라마, 멜로/로맨스",83분,2020.08.13,셀린 시아마,"아델 에넬, 폴린 아콰르, 루이즈 블라쉬르","“너한테 난 뭐야?” 싱크로나이즈드 선수 ‘플로리안’을 본 순간 ‘마리’는 덜컥 사랑에 빠져버린다. 하지만 ‘플로리안’은 모든 남성들의 선망을 받고, 남자들과 자유로운 관계를 맺는 것 처럼 보인다. ‘플로리안’의 모든 것이 알고 싶고, 갖고 싶은 ‘마리’. 한편, ‘마리’의 절친 ‘안나’는 수영부 남학생 ‘프랑수아’와 첫키스를 하기 위해 노력한다."
101,웬디,12세 관람가,6.20,56,0.01,"드라마, 판타지",111분,2021.06.30,벤 제틀린,"데빈 프랑스, 야슈아 막, 게이지 나퀸, 개빈 나퀸","기찻길 옆, 작은 식당이 세상의 전부인 소녀 ‘웬디’는 내면에 차오르는 호기심과 모험심으로 매일 새로운 세상을 꿈꾼다.  그러던 어느 날, ‘피터’가 나타나고 ‘웬디’와 쌍둥이 형제 ‘더글라스’, ‘제임스’를 이끌고 여정을 떠나게 된다. 그리고 자신의 의지로 어른이 되지 않고 영원히 어린이로 살 수 있는 신비로운 섬에 도착하게 되는데…"
102,자마,15세 관람가,6.37,19,0.01,드라마,115분,2021.08.26,루크레시아 마르텔,다니엘 기메네즈 카쵸,"18세기 말 스페인 식민지 남미의 한 벽지. 치안판사 자마는 스페인 국왕의 전근 발령을 초조하게 기다리지만 몇 년째 감감무소식이다. “비쿠냐 포르토” 라는 도적떼에 대한 소문이 지역 사회를 공포에 몰아넣는 가운데, 기약 없는 기다림에 지친 자마에게 유일한 도피처는 육체적 욕망을 탐닉하는 것뿐이다."
103,증발,전체 관람가,9.44,54,0.01,다큐멘터리,115분,2020.11.12,김성민,"최준원, 최용진, 최준선, 강성우","20여 년을 하루같이 딸의 행방을 쫓고 있는 용진씨. 세상은 벌써 준원이를 잊은 것 같지만 아빠에겐 포기란 없다. 드디어 장기실종 전담수사팀이 생기고 새 제보자까지 등장! 수사는 큰 전환점을 맞고, 용진 씨와 가족들은 다시 한번 희망의 끈을 부여잡는데…"
104,지금은맞고그때는틀리다,청소년 관람불가,6.45,"2,762",0.01,드라마,121분,2015.09.24,홍상수,"정재영, 김민희","실수로 영화감독 함춘수는 수원에 하루 일찍 내려간다. 다음날 특강을 기다리며 들른 복원된 궁궐에서 윤희정이라는 화가를 만난다. 둘은 윤의 작업실에 가서 윤의 그림을 구경하고, 저녁에는 회에다 소주를 많이 마신다. 거기서 가까워지는 두 사람. 다른 카페로 이동한 두 사람은 술을 더 마신다. 거기서 누군가의 질문 때문에 함은 자신의 결혼한 사실을 할 수 없이 말하게 되고, 윤은 함에게 많이 실망하게 된다…  이런 비슷한 만남과 헤어짐의 이야기가 다시 한 번 이어진다. 여자가 더 목소리가 위축되어 있고, 몸도 굽어져 있다. 둘이 돌아다니는 데는 비슷한데, 여기선 남자가 옷도 벗고 그런다."
105,천국보다 낯선,15세 관람가,8.46,150,0.01,드라마,89분,2017.11.16,짐 자무쉬,"존 루리, 에스터 벌린트, 리차드 에드슨","'신세계(The New World)'. 뉴욕 빈민가의 낡은 아파트에 사는 윌리에게 어느 날 사촌 에바가 찾아온다. 갑자기 군식구를 떠맡게 된 윌리는 처음엔 그녀를 성가셔 하지만 10일이 지나 에바가 떠날 무렵이 되자 왠지 모를 아쉬움을 느낀다.  '1년 후(One Year Later)'. 1년 후 윌리는 친구 에디와 함께 에바를 만나러 클리블랜드로 무작정 떠난다. 괴짜 로티 아주머니와 함께 사는 에바는 핫도그 가게 점원으로 무료한 일상을 보내고 있다. 세 사람은 함께 플로리다로 떠나기로 한다.  '천국(Paradise)'. 이들의 여정은 개경주에서 윌리와 에디가 가진 돈을 거의 다 날리게 되면서 어긋나기 시작한다. 두 사람이 남은 돈을 털어 경마에서 마지막 승부를 걸고 있을 때 에바는 우연치 않게 큰 돈을 손에 넣는다. 윌리와 에디를 기다리던 에바는 결국 혼자 공항으로 떠나고, 세 사람은 뿔뿔이 흩어진다. 언제 도착했건 이방인이기는 마찬가지인 이민자들에게 미국이라는 나라는 할리우드 영화가 보여주는 화려하고 꿈같은 파라다이스와는 거리가 멀다. 신세계의 꿈을 안고 도착한 에바에게 이 거대한 나라는 뉴욕이건, 클리블랜드건, 플로리다건 간에 쓸쓸하고 황량할 뿐이다."
106,체리 향기,12세 관람가,8.75,145,0.01,"드라마, 실험",99분,1998.01.01,압바스 키아로스타미,"호먀윤 엘샤드, 아브돌라만 바그헤리","97년 깐느 영화제에서 이란 정부의 출국금지 조치로 출품되지 못하다가, 폐막 3일전, 이 영화의 상영 공고가 붙으면서 공식 경쟁작의 명단에도 없었고, 영화제 공식 책자에도 실리지 않은 영화가 출품되기도 했는데 결국 왕가위의 <해피 투게더>, 아톰 에고이앙의 <달콤한 내세>, 이안의 <얼음폭풍>을 제치고 황금 종려상을 수상하는 이변을 낳으면서 큰 화제를 모은 작품이다. 1994년 <올리브 나무 사이로> 이후 3년 여의 공백기 만에 발표한 작품이며 키아로스타미가 직접 제작까지 맡은 첫 영화이다. 한 남자가 자동차를 몰고 황량한 벌판을 달려간다. 그는 지나치는 사람들을 눈여겨 보며 자신의 차에 동승할 사람을 찾는다. 그가 찾고 있는 사람은 수면제를 먹고 누운 자신의 위로 흙을 덮어 줄 사람. 돈은 얼마든지 주겠다는 그의 간절한 부탁에도 사람들은 고개를 젓는다. 애띤 얼굴의 군인도, 온화한 미소의 신학도도 죽음이란 단어 앞에선 단호하게 외면할 뿐. 드디어 한 노인이 그의 제안을 수락한다. 박물관에서 새의 박제를 만드는 노인은 주인공 바디(Mr. Badii: Homayon Ershadi 분)에게 자신의 살아온 이야기를 해주며 작지만 소중한, 삶의 기쁨들을 하나씩 펼쳐 놓는다. 노인의 이야기를 들으며 불현 듯 삶에 대해 강한 애착을 느끼는 바디. 운동장을 뛰어노는 아이들의 재잘거림, 도시의 하늘 너머 펼쳐지는 저녁노을의 눈부신 빛깔. 밤이 오고 바디는 수면제를 먹고 자신이 파놓은 구덩이 안에 눕는다. 조금은 긴장된 그의 얼굴 위로 푸른 달빛이 서리고. 때맞춰 내리는 비. 사방은 온통 어둠뿐. 가끔씩 치는 번개의 빛에 그의 얼굴이 잠깐 보였다간 사라지는데. 아침이 오면 그는 그토록 바라던 죽음을 얻게될까? 아니면."
107,초속5센티미터,전체 관람가,8.36,"4,168",0.01,"애니메이션, 드라마",62분,2017.11.02,신카이 마코토,"미즈하시 켄지, 하나무라 사토미, 오노우에 아야카","초등학교 졸업과 동시에 떨어져 있게 된 ‘타카키’와 ‘아카리’. 둘만의 특별한 추억만 남은 채 시간이 흐른다. 폭설이 내리던 어느 날 밤, ‘타카키’는 ‘아카리’를 찾아 나서는데…"
108,초행,12세 관람가,7.71,269,0.01,드라마,100분,2017.12.07,김대환,"김새벽, 조현철","7년차 커플 수현(조현철)과 지영(김새벽)  그들에게 결혼을 생각할 시기가 찾아온다. 미술 강사와 방송국 계약직이라는 현실,  지영 어머니의 결혼 강요와 수현의 복잡한 가정사  '우리... 어디로 가야 하는 걸까?'"
109,크레센도,12세 관람가,9.02,40,0.01,드라마,112분,2021.06.24,드로 자하비,"페테르 시모니슈에크, 다니엘 돈스코이, 사브리나 아마리, 메흐디 메스카르, 비비아나 베글라우, 괴츠 오토","세계적인 마에스트로 ‘에두아르트’는 평화 콘서트를 위해  오디션을 거쳐 이스라엘과 팔레스타인의 재능 있는 연주자들을 뽑는다.  수십 년간 이어온 분쟁과 갈등을 넘어 오직 음악을 바라보고 모였지만,  깊이 담겨 있던 분노와 증오는 이내 서로를 공격한다.   하나의 오케스트라를 위해 지휘자 ‘에두아르트’는 진심을 담아 노력하고 영원히 평행선을 걸을 것 같던 이들은 조금씩 서로를 이해하기 시작한다.   그러나 공연을 하루 앞두고  팔레스타인 클라리넷 연주자 ‘오마르’와 이스라엘 프렌치 호른 연주가 ‘쉬라’가 사라지는데… 오케스트라 공연은 무사히 열릴 수 있을까?  평화를 향한 희망의 멜로디가 울려 퍼진다!"
110,타오르는 여인의 초상,15세 관람가,9.05,"1,806",0.01,드라마,121분,2020.01.16,셀린 시아마,"아델 에넬, 노에미 메를랑, 루아나 바야미, 발레리아 골리노","초상화를 그리는 화가 마리안느(노에미 멜랑)는  원치 않는 결혼을 앞둔 귀족 아가씨 엘로이즈(아델 에넬)의 결혼 초상화 의뢰를 받는다.  엘로이즈 모르게 그림을 완성해야 하는 마리안느는 비밀스럽게 그녀를 관찰하며 알 수 없는 묘한 감정의 기류에 휩싸이게 된다.    잊을 수 없는, 잊혀지지 않을 사랑의 기억을 마주하게 할 걸작을 만난다!"
111,패터슨,12세 관람가,8.31,"1,206",0.01,드라마,118분,2017.12.21,짐 자무쉬,"아담 드라이버, 골쉬프테 파라하니",미국 뉴저지 주의 소도시 ‘패터슨’에 사는 버스 운전사의 이름은 ‘패터슨’이다. 매일 비슷한 일상을 보내는 패터슨은 일을 마치면 아내와 저녁을 먹고 애완견 산책 겸 동네 바에 들러 맥주 한 잔으로 하루를 마무리한다. 그리고 일상의 기록들을 틈틈이 비밀 노트에 시로 써내려 간다.
112,릴리 슈슈의 모든 것,15세 관람가,8.11,"1,354",,드라마,145분,2021.08.08,이와이 슌지,"이치하라 하야토, 오시나리 슈고",'릴리 슈슈'의 노래를 너무나 사랑하는 열네 살 소년 유이치. 그러나 그의 일상은 힘들다. 둘도 없는 단짝 친구 호시노가 어느날 반 아이들의 리더가 되어 자신을 이지메 시키고 첫사랑 쿠노 역시 이지메를 당하지만 그녀를 도와주기에는 자신의 슬픔을 감당하기에도 벅차다. 소년의 유일한 안식처는 오로지 영혼을 뒤흔드는 듯한 ‘릴리 슈슈’의 노래 뿐... 그러나 현실은 노래로 감출 만큼 만만하지 않다...
113,미스 사이공: 25주년 특별 공연,15세 관람가,9.22,281,,공연실황,175분,2016.11.24,브렛 설리반,"알리스태어 브래머, 에바 노블자다, 홍광호, 존 존 브라이언스","1975년 베트남 전쟁에 참가한 미군 크리스(앨리스테어 브라머)는 클럽 ‘드림랜드’에서 전쟁 고아 킴(에바 노블자다)을 만나 사랑에 빠지고 결혼식을 올린다. 하지만 1978년 호찌민 정부가 들어서고 미군이 급히 철수하게 되면서 크리스는 미국으로 돌아가게 되고 킴은 베트남에 홀로 남겨진 채 아들 탬을 낳게 된다. 한편, 킴의 약혼자였던 투이(홍광호)는 호찌민 정부 위원이 되어 반역자로 몰린 킴을 찾아와 결혼을 강요하지만, 킴이 자신의 청혼을 거절하자 위험한 선택을 하게 되는데"
114,숫호구,청소년 관람불가,6.75,222,,코미디,80분,2014.08.07,백승기,"백승기, 손이용, 박지나","서른 살이 되도록 제대로 된 연애 한 번, 사랑 한 번 못해본 욕구불만 청년 숫호구 ‘원준’은 열등감으로 가득 차 있다. 또래 친구들은 다 하는 번듯한 직장생활, 연애, 결혼도 원준은 쉽게 할 수가 없다.   그러던 어느 날 정체불명의 생명공학 박사가 진행한 비밀 생체실험으로 인해 자신이 직접 들어가 마음껏 조종할 수 있는 완벽한 몸매와 얼굴(?)의 슈퍼 섹시 아바타를 갖게 된다.  원준은 그 동안 누려보지 못했던 쾌락을 맘껏 누릴 수 있게 되고 기존의 자신의 삶과는 전혀 다른 삶을 살게 된다. 그러던 중 동네 헌 책방의 신입 아르바이트생 ‘지나’를 보고 사랑에 빠지게 되지만, 그녀는 원준의 본 모습이 아닌 아바타의 모습을 사랑하게 되는데…"
115,"시발, 놈: 인류의 시작",15세 관람가,6.56,218,,"코미디, 드라마",71분,2016.08.18,백승기,"손이용, 김보리","태초에 하늘에서 빛이 떨어지매 천지를 울리는 폭발이 있었고 원숭이의 형상을 닮은 사람이 나타나되 나무에서 사과가 떨어져 머리를 맞추니 유래각!(流來覺: 깨달음이 와서 흐르다)하여 생각을 하게 되었으며 생육하고 번성하여 땅에 충만하게 되고 후대는 이를 인류의 시작 시발(始發)놈이라고 불렀더라. -시발세기(始發世記) 1장 18절-  인류가 시작된 건 다 너 때문이다, 시발(始發)놈아!  인간의 욕심은 끝이 없고, 같은 실수를 반복한다? 왜 이렇게 인생이 고달픈지, 도대체 어디서부터 뭐가 어떻게 잘못된 건지! 답 없는 내 인생, 해답의 실마리를 풀어보려 시간을 거슬러 올라가니 시작은 무려 4만 년 전! 내 인생을 망치러 온 나의 구원자, 나의 시발(始發)놈!"
116,오늘도 평화로운,15세 관람가,6.77,145,,"액션, 코미디",90분,2019.04.04,백승기,손이용,영화감독이 꿈인 영준은 영화를 만들기 위해 오늘도 평화로운 그곳에서 노트북을 사려다 사기를 당한다. 직접 사기꾼들을 잡겠노라 결심한 영준은 무작정 중국으로 떠나는데…
117,위플래쉬,15세 관람가,8.80,"10,080",,드라마,106분,2020.10.28,데이미언 셔젤,"마일즈 텔러, J.K. 시몬스","뉴욕의 명문 셰이퍼 음악학교에서 최고의 스튜디오 밴드에 들어가게 된 신입생 '앤드류'  최고의 지휘자이지만 동시에 최악의 폭군인 '플레쳐'교수는 폭언과 학대로 '앤드류'를 한계까지 몰아붙이고 또 몰아붙인다.  드럼 주위로 뚝뚝 떨어지는 피, 빠르게 달리는 선율 뒤로 아득해지는 의식, 그 순간, 드럼에 대한 앤드류의 집착과 광기가 폭발한다.  최고의 연주를 위한 완벽한 스윙이 시작된다!"
118,인천스텔라,12세 관람가,6.60,119,,"SF, 가족, 멜로/로맨스",108분,2021.03.25,백승기,"손이용, 강소연, 정광우, 권수진","27년 전, 우주로부터 도착한 정체불명의 구조신호. 그 목소리는 자신이 있는 곳인 갬성(STARGAM)에 닿을 수 있는 유일한 우주선 ‘인천스텔라’의 설계도를 남겼다.  27년 후, ASA(아시아항공우주국)는 이를 따라 ‘인천스텔라’ 프로젝트에 착수하게 되고, 최고의 탐사대원 ‘기동’과 엔지니어 ‘승연’이 성공적인 임무 완수를 위해 우주선에 몸을 싣는다. 한편, 지구에 남은 ‘규진’은 그들에게 닿을 수 있는 새로운 방법을 찾게 되는데…  바로 지금, 인류 역사상 가장 로맨틱한 우주 탐사가 시작된다!"
119,하나와 앨리스,12세 관람가,8.11,"1,611",,멜로/로맨스,135분,2014.07.10,이와이 슌지,"아오이 유우, 스즈키 안, 카쿠 토모히로","하나는 어릴 때부터 단짝 친구인 앨리스가 점찍은 남자애를 보여준다며 끌고 간 곳에서 마음을 콩닥뛰게 만드는 꽃미남 소년 미야모토를 발견한다. 몰래 뒷조사를 통해 확인한 바로 미야모토는 한 학년 선배이자 만담동호회 회원. 하나는 만담동호회에 가입해서 미야모토의 관심을 얻기 위해 호시탐탐 기회를 엿본다. 그러던 어느 날, 하나는 마침내 넘지 말아야 할 선(?)을 넘게 된다. (이런!) 머리 다친 선배에게 기억 상실이라 뻥친 것도 모자라 '나한테 사랑 고백했잖아!'라고 외치는 귀여운 스토커 하나. 그리고 친구의 애정사기극(?)에 거침없이 동참한 앨리스. 그러나 그들의 우정은 미야모토로 인해 예기치 않은 삼각관계로 발전하는데..."
